[{"model": "sessions.session", "pk": "5bqb9tf2kyp4zr5cubhgz90anyoysc1o", "fields": {"session_data": ".eJxVjDEOwjAMAP_iGUXExonTkZ03VE7j0gJqpaadEH9HlTrAene6N7S6rUO7VVvasUADHk6_LGv3tGkX5aHTfXbdPK3LmN2euMNWd5uLva5H-zcYtA7QgBBpZObI0gsmFrwoFUnZ1LCQ5z4ZekrCwSPFiCoJhUP25kNOZ_h8AaxsNkQ:1wFbNL:GXWYTCYDXt93Z3mRtXTE2qP6_hZJrss4Q0fMhNHJapw", "expire_date": "2026-05-06T17:28:35.887Z"}}, {"model": "sessions.session", "pk": "8s7spdtqsvnl3c9qr2nv9l8lfgthw7xw", "fields": {"session_data": ".eJxVjDEOwjAMAP_iGUXExonTkZ03VE7j0gJqpaadEH9HlTrAene6N7S6rUO7VVvasUADHk6_LGv3tGkX5aHTfXbdPK3LmN2euMNWd5uLva5H-zcYtA7QgBBpZObI0gsmFrwoFUnZ1LCQ5z4ZekrCwSPFiCoJhUP25kNOZ_h8AaxsNkQ:1wFgeX:vIdAVhAKUtWB9JuT_0CJz7W13WAqiJfQsUsqeAztz0I", "expire_date": "2026-05-06T23:06:41.124Z"}}, {"model": "sessions.session", "pk": "m3sj1da0s29sdr7owfg9xcoy1eqe326i", "fields": {"session_data": ".eJxVjEsOwiAUAO_C2pDyf7h03zOQRx9I1UBS2pXx7oakC93OTObNAh57CUdPW1iJXZlgl18WcXmmOgQ9sN4bX1rdtzXykfDTdj43Sq_b2f4NCvYytihzTt4og8pD9uAIwSidTJaCvFHekdVagYpCJAsOJqujFJCdnrIm9vkCy3M22A:1wFbNK:AmVLCLSOBQ3M9MdNRstgU_vtuaZz2-Jr7lGI3YUHMIk", "expire_date": "2026-05-06T17:28:34.452Z"}}, {"model": "accounts.user", "pk": 1, "fields": {"password": "pbkdf2_sha256$1200000$TQbvV50hNnwYWVQdhUwQf5$lhOWPdieGvqh6mt6v/2gSlg04xbRNrJ6QW86Q/NiDTY=", "last_login": "2026-04-22T23:06:41.116Z", "is_superuser": true, "first_name": "", "last_name": "", "is_staff": true, "is_active": true, "date_joined": "2026-04-22T11:51:27.044Z", "email": "abdelrahman.tarek.fouad.saad@gmail.com", "role": "SUPER_ADMIN", "full_name": "Super Admin", "phone_number": null, "created_at": "2026-04-22T11:51:27.261Z", "updated_at": "2026-04-22T11:51:27.261Z", "groups": [], "user_permissions": []}}, {"model": "accounts.user", "pk": 2, "fields": {"password": "pbkdf2_sha256$1200000$O9pSYVrsIEomqs7xrTjmO5$m6ArzhvcOeun7DMmN9FuBWnn+cRcyGF0rPA2A2tWuEU=", "last_login": null, "is_superuser": false, "first_name": "", "last_name": "", "is_staff": false, "is_active": true, "date_joined": "2026-04-22T17:51:42.679Z", "email": "student@noor.edu", "role": "STUDENT", "full_name": "Ahmed The Student", "phone_number": null, "created_at": "2026-04-22T17:51:42.679Z", "updated_at": "2026-04-22T17:51:43.040Z", "groups": [], "user_permissions": []}}, {"model": "accounts.user", "pk": 3, "fields": {"password": "pbkdf2_sha256$1200000$CqWmEwtEyJ1yAcMq9o67IU$Fgy9m14quZf5v8F/Tt/8kKUR1S/2qAG6N2fnboKLy78=", "last_login": null, "is_superuser": false, "first_name": "", "last_name": "", "is_staff": false, "is_active": true, "date_joined": "2026-04-22T17:51:43.055Z", "email": "teacher@noor.edu", "role": "TEACHER", "full_name": "Dr. Sedky", "phone_number": null, "created_at": "2026-04-22T17:51:43.056Z", "updated_at": "2026-04-22T17:51:43.411Z", "groups": [], "user_permissions": []}}, {"model": "accounts.studentprofile", "pk": 1, "fields": {"user": 2, "date_of_birth": "2000-01-01", "parents": [], "study_groups": []}}, {"model": "accounts.teacherprofile", "pk": 1, "fields": {"user": 3, "bio": "", "specialization": "Fiqh"}}, {"model": "learning.course", "pk": 1, "fields": {"title": "Fundamentals of Fiqh", "description": "Learn the basics of Islamic Jurisprudence.", "is_active": true, "created_at": "2026-04-22T17:51:43.419Z"}}, {"model": "learning.course", "pk": 2, "fields": {"title": "Tajweed Basics", "description": "Proper recitation of the Holy Quran.", "is_active": true, "created_at": "2026-04-22T17:51:43.423Z"}}, {"model": "learning.course", "pk": 3, "fields": {"title": "Islamic History", "description": "The biography of the Prophet (Seerah).", "is_active": true, "created_at": "2026-04-22T17:51:43.426Z"}}, {"model": "learning.week", "pk": 1, "fields": {"course": 1, "week_number": 1, "title": "Introduction to Purity (Taharah)"}}, {"model": "learning.week", "pk": 2, "fields": {"course": 2, "week_number": 1, "title": "Makharij (Articulation Points)"}}, {"model": "learning.lesson", "pk": 1, "fields": {"week": 1, "lesson_number": 1, "title": "Types of Water", "video_url": "", "estimated_minutes": 15}}, {"model": "learning.lesson", "pk": 2, "fields": {"week": 1, "lesson_number": 2, "title": "Najasa (Impure Substances)", "video_url": "", "estimated_minutes": 25}}, {"model": "learning.lesson", "pk": 3, "fields": {"week": 1, "lesson_number": 3, "title": "Wudu Requirements", "video_url": "", "estimated_minutes": 20}}, {"model": "learning.lesson", "pk": 4, "fields": {"week": 1, "lesson_number": 4, "title": "Nullifiers of Wudu", "video_url": "", "estimated_minutes": 10}}, {"model": "learning.lesson", "pk": 5, "fields": {"week": 1, "lesson_number": 5, "title": "Ghusl (Major Bath)", "video_url": "", "estimated_minutes": 30}}, {"model": "learning.lesson", "pk": 6, "fields": {"week": 2, "lesson_number": 1, "title": "The Throat Letters", "video_url": "", "estimated_minutes": 12}}, {"model": "learning.lesson", "pk": 7, "fields": {"week": 2, "lesson_number": 2, "title": "The Tongue Letters", "video_url": "", "estimated_minutes": 18}}, {"model": "learning.studentprogress", "pk": 1, "fields": {"student": 2, "lesson": 1, "is_completed": false, "completed_at": null}}, {"model": "learning.studentprogress", "pk": 2, "fields": {"student": 2, "lesson": 6, "is_completed": false, "completed_at": null}}, {"model": "learning.studentprogress", "pk": 3, "fields": {"student": 2, "lesson": 2, "is_completed": false, "completed_at": null}}, {"model": "learning.studentprogress", "pk": 4, "fields": {"student": 2, "lesson": 7, "is_completed": false, "completed_at": null}}, {"model": "learning.studentprogress", "pk": 5, "fields": {"student": 2, "lesson": 3, "is_completed": false, "completed_at": null}}, {"model": "learning.studentprogress", "pk": 6, "fields": {"student": 2, "lesson": 4, "is_completed": false, "completed_at": null}}, {"model": "learning.studentprogress", "pk": 7, "fields": {"student": 2, "lesson": 5, "is_completed": false, "completed_at": null}}, {"model": "learning.studentprogress", "pk": 8, "fields": {"student": 1, "lesson": 1, "is_completed": false, "completed_at": null}}, {"model": "learning.studentprogress", "pk": 9, "fields": {"student": 3, "lesson": 1, "is_completed": false, "completed_at": null}}, {"model": "learning.studentprogress", "pk": 10, "fields": {"student": 1, "lesson": 6, "is_completed": false, "completed_at": null}}, {"model": "learning.studentprogress", "pk": 11, "fields": {"student": 3, "lesson": 6, "is_completed": false, "completed_at": null}}, {"model": "learning.studentprogress", "pk": 12, "fields": {"student": 1, "lesson": 2, "is_completed": false, "completed_at": null}}, {"model": "learning.studentprogress", "pk": 13, "fields": {"student": 3, "lesson": 2, "is_completed": false, "completed_at": null}}, {"model": "learning.studentprogress", "pk": 14, "fields": {"student": 1, "lesson": 7, "is_completed": false, "completed_at": null}}, {"model": "learning.studentprogress", "pk": 15, "fields": {"student": 3, "lesson": 7, "is_completed": false, "completed_at": null}}, {"model": "learning.studentprogress", "pk": 16, "fields": {"student": 1, "lesson": 3, "is_completed": false, "completed_at": null}}, {"model": "learning.studentprogress", "pk": 17, "fields": {"student": 3, "lesson": 3, "is_completed": false, "completed_at": null}}, {"model": "learning.studentprogress", "pk": 18, "fields": {"student": 1, "lesson": 4, "is_completed": false, "completed_at": null}}, {"model": "learning.studentprogress", "pk": 19, "fields": {"student": 3, "lesson": 4, "is_completed": false, "completed_at": null}}, {"model": "learning.studentprogress", "pk": 20, "fields": {"student": 1, "lesson": 5, "is_completed": false, "completed_at": null}}, {"model": "learning.studentprogress", "pk": 21, "fields": {"student": 3, "lesson": 5, "is_completed": false, "completed_at": null}}, {"model": "quizzes.quiz", "pk": 1, "fields": {"title": "Taharah Midterm", "lesson": null, "week": 1, "created_by": 3, "created_at": "2026-04-22T17:51:43.464Z"}}, {"model": "quizzes.quiz", "pk": 2, "fields": {"title": "Makharij Assessment", "lesson": null, "week": 2, "created_by": 3, "created_at": "2026-04-22T17:51:43.481Z"}}, {"model": "quizzes.question", "pk": 1, "fields": {"quiz": 1, "text": "Which water is permissible for Wudu?", "order": 1}}, {"model": "quizzes.question", "pk": 2, "fields": {"quiz": 2, "text": "How many throat letters are there?", "order": 1}}, {"model": "quizzes.choice", "pk": 1, "fields": {"question": 1, "text": "Mutlaq Water", "is_correct": true}}, {"model": "quizzes.choice", "pk": 2, "fields": {"question": 1, "text": "Musta'mal Water", "is_correct": false}}, {"model": "quizzes.choice", "pk": 3, "fields": {"question": 2, "text": "6", "is_correct": true}}, {"model": "quizzes.choice", "pk": 4, "fields": {"question": 2, "text": "4", "is_correct": false}}, {"model": "chat.chatroom", "pk": "6754448f-f538-478a-a8af-6274424c3579", "fields": {"room_type": "COMMUNITY", "study_group": null, "created_at": "2026-04-22T17:52:20.278Z", "is_active": true, "participants": [1, 2, 3]}}, {"model": "chat.message", "pk": 1, "fields": {"room": "6754448f-f538-478a-a8af-6274424c3579", "sender": 1, "content": "السلام عليكم ورحمة الله وبركاته", "file_attachment": "", "voice_note": "", "timestamp": "2026-04-22T18:06:49.285Z", "read_by": []}}, {"model": "chat.message", "pk": 2, "fields": {"room": "6754448f-f538-478a-a8af-6274424c3579", "sender": 1, "content": "بإذن الله نفتتح ال LMS", "file_attachment": "", "voice_note": "", "timestamp": "2026-04-22T18:07:10.046Z", "read_by": []}}]
